{"0.9917355371900827": {"avg": 0.7606900348687833, "se": 0.005779973553388441}, "0.9834710743801653": {"avg": 0.7608217168011738, "se": 0.005777293068152304}, "0.9752066115702479": {"avg": 0.761599119750596, "se": 0.005770313317274748}, "0.9669421487603306": {"avg": 0.761599119750596, "se": 0.005770313317274748}, "0.9586776859504132": {"avg": 0.7626994315055933, "se": 0.005761138975688852}, "0.9504132231404958": {"avg": 0.7634862385321101, "se": 0.005756129594530298}, "0.9421487603305785": {"avg": 0.7634862385321101, "se": 0.005756129594530298}, "0.9338842975206612": {"avg": 0.7634862385321101, "se": 0.005756129594530298}, "0.9256198347107438": {"avg": 0.7640366972477064, "se": 0.005751499565235428}, "0.9173553719008265": {"avg": 0.7644468904788112, "se": 0.005747513354715102}, "0.9090909090909091": {"avg": 0.764490095377843, "se": 0.005746621538452236}, "0.9008264462809917": {"avg": 0.764490095377843, "se": 0.005746621538452236}, "0.8925619834710744": {"avg": 0.764490095377843, "se": 0.005746621538452236}, "0.884297520661157": {"avg": 0.7650403521643434, "se": 0.005741969602538068}, "0.8760330578512396": {"avg": 0.7655476059438635, "se": 0.005738195574978427}, "0.8677685950413223": {"avg": 0.7655476059438635, "se": 0.005738195574978427}, "0.859504132231405": {"avg": 0.7657310585213722, "se": 0.005736637373400936}, "0.8512396694214877": {"avg": 0.7660979636763896, "se": 0.005733516469313165}, "0.8429752066115702": {"avg": 0.7666911225238444, "se": 0.005727932953056017}, "0.8347107438016529": {"avg": 0.7666911225238444, "se": 0.005727932953056017}, "0.8264462809917356": {"avg": 0.7670579603815114, "se": 0.005724797167059647}, "0.8181818181818181": {"avg": 0.7686950146627566, "se": 0.005708635948658375}, "0.8099173553719008": {"avg": 0.7700622938805424, "se": 0.005695754486362857}, "0.8016528925619835": {"avg": 0.7700622938805424, "se": 0.005695754486362857}, "0.7933884297520661": {"avg": 0.7702875984612566, "se": 0.005693274540958502}, "0.7851239669421488": {"avg": 0.7706539659278256, "se": 0.005690085326722103}, "0.7768595041322314": {"avg": 0.7710622710622711, "se": 0.0056860030768733465}, "0.768595041322314": {"avg": 0.7710622710622711, "se": 0.0056860030768733465}, "0.7603305785123967": {"avg": 0.771329183449286, "se": 0.005682630330992457}, "0.7520661157024793": {"avg": 0.773118476469511, "se": 0.005667434412516349}, "0.743801652892562": {"avg": 0.7737092640058587, "se": 0.005661694584889658}, "0.7355371900826446": {"avg": 0.7737092640058587, "se": 0.005661694584889658}, "0.7272727272727273": {"avg": 0.7738923471255951, "se": 0.005660073345760706}, "0.71900826446281": {"avg": 0.7738923471255951, "se": 0.005660073345760706}, "0.7107438016528926": {"avg": 0.7738923471255951, "se": 0.005660073345760706}, "0.7024793388429752": {"avg": 0.7735261808861223, "se": 0.005663314276292971}, "0.6942148760330579": {"avg": 0.7735261808861223, "se": 0.005663314276292971}, "0.6859504132231404": {"avg": 0.7778591033851784, "se": 0.005623020235780844}, "0.6776859504132231": {"avg": 0.7782250686184813, "se": 0.005619708021058317}, "0.6694214876033058": {"avg": 0.7782250686184813, "se": 0.005619708021058317}, "0.6611570247933884": {"avg": 0.7778591033851784, "se": 0.005623020235780844}, "0.6528925619834711": {"avg": 0.7778591033851784, "se": 0.005623020235780844}, "0.6446280991735538": {"avg": 0.7780420860018298, "se": 0.005621364917323438}, "0.6363636363636364": {"avg": 0.7803182732760198, "se": 0.005599616936445551}, "0.628099173553719": {"avg": 0.7816386247256767, "se": 0.005586974169432232}, "0.6198347107438016": {"avg": 0.7816785518376302, "se": 0.00558609526501882}, "0.6115702479338843": {"avg": 0.7814957030535747, "se": 0.005587780355066421}, "0.6033057851239669": {"avg": 0.7814957030535747, "se": 0.005587780355066421}, "0.5950413223140496": {"avg": 0.7813128542695191, "se": 0.005589463843379977}, "0.5867768595041323": {"avg": 0.7813528336380255, "se": 0.00558858498054736}, "0.578512396694215": {"avg": 0.7827516901151106, "se": 0.00557413504480515}, "0.5702479338842975": {"avg": 0.7838874680306905, "se": 0.005563068914720655}, "0.5619834710743802": {"avg": 0.7852054794520548, "se": 0.005550232781173217}, "0.5537190082644627": {"avg": 0.7895890410958905, "se": 0.00550861819229858}, "0.5454545454545454": {"avg": 0.7914536157779402, "se": 0.0054901264361796156}, "0.5371900826446281": {"avg": 0.7914536157779402, "se": 0.0054901264361796156}, "0.5289256198347108": {"avg": 0.7927697644696001, "se": 0.005476823293918564}, "0.5206611570247934": {"avg": 0.7930593607305936, "se": 0.005474994398999254}, "0.5123966942148761": {"avg": 0.7929145361577794, "se": 0.0054759096977063815}, "0.5041322314049587": {"avg": 0.793972602739726, "se": 0.005466044772039631}, "0.49586776859504134": {"avg": 0.795068493150685, "se": 0.0054552489799962875}, "0.487603305785124": {"avg": 0.795653761869978, "se": 0.0054489605547410475}, "0.47933884297520657": {"avg": 0.795836376917458, "se": 0.0054471502607153}, "0.47107438016528924": {"avg": 0.795836376917458, "se": 0.0054471502607153}, "0.4628099173553719": {"avg": 0.7961643835616439, "se": 0.0054443914907858085}, "0.4545454545454546": {"avg": 0.7962016070124178, "se": 0.005443524510354014}, "0.44628099173553715": {"avg": 0.796786561986489, "se": 0.005437206679288142}, "0.4380165289256198": {"avg": 0.7971887550200804, "se": 0.005432698250002269}, "0.4297520661157025": {"avg": 0.7973713033953997, "se": 0.00543087444249071}, "0.42148760330578516": {"avg": 0.7989051094890511, "se": 0.0054144935182007916}, "0.4132231404958677": {"avg": 0.8002189381499726, "se": 0.00540072010267696}, "0.4049586776859504": {"avg": 0.8004377964246625, "se": 0.005398006754417721}, "0.39669421487603307": {"avg": 0.8023340627279358, "se": 0.005377678195836567}, "0.38842975206611574": {"avg": 0.8028811086797958, "se": 0.005372062052305239}, "0.3801652892561983": {"avg": 0.8034639927073838, "se": 0.005365571145330655}, "0.371900826446281": {"avg": 0.8040109389243391, "se": 0.005359923348993104}, "0.36363636363636365": {"avg": 0.8047045951859956, "se": 0.0053532254003379335}, "0.3553719008264463": {"avg": 0.8076923076923077, "se": 0.005321001727603459}, "0.3471074380165289": {"avg": 0.8093328472475392, "se": 0.005303634932292122}, "0.33884297520661155": {"avg": 0.8103134110787172, "se": 0.005292218607423134}, "0.3305785123966942": {"avg": 0.8107911046299672, "se": 0.005288072017839373}, "0.3223140495867769": {"avg": 0.8119190814652816, "se": 0.00527547127375085}, "0.31404958677685946": {"avg": 0.8120670798395917, "se": 0.005274356512117279}, "0.30578512396694213": {"avg": 0.8155640605066521, "se": 0.005235815516058439}, "0.2975206611570248": {"avg": 0.8171709806780897, "se": 0.005218565406565911}, "0.2892561983471075": {"avg": 0.8195735374521597, "se": 0.005191305662856289}, "0.28099173553719003": {"avg": 0.8264673714910682, "se": 0.005112996873745928}, "0.2727272727272727": {"avg": 0.8265864332603938, "se": 0.005112542706593481}, "0.2644628099173554": {"avg": 0.8290769792046698, "se": 0.005084265161845847}, "0.25619834710743805": {"avg": 0.8305981035740335, "se": 0.005065308237482672}, "0.2479338842975206": {"avg": 0.831175934366454, "se": 0.005057959430451404}, "0.23966942148760328": {"avg": 0.8317535545023697, "se": 0.005050593087450826}, "0.23140495867768596": {"avg": 0.836340441042464, "se": 0.004994531504167339}, "0.22314049586776863": {"avg": 0.8389212827988338, "se": 0.004962181393411688}, "0.2148760330578512": {"avg": 0.8449344023323615, "se": 0.004886098006913725}, "0.20661157024793386": {"avg": 0.845298833819242, "se": 0.004881405400968692}, "0.19834710743801653": {"avg": 0.844569970845481, "se": 0.004890781162295855}, "0.1900826446280992": {"avg": 0.8460276967930029, "se": 0.00487199172810378}, "0.18181818181818177": {"avg": 0.845144835124795, "se": 0.004882944667113764}, "0.17355371900826444": {"avg": 0.8491528511568591, "se": 0.004830753460863245}, "0.1652892561983471": {"avg": 0.8548034934497817, "se": 0.004752125109465234},