{"0.9917355371900827": {"avg": 0.008333333333333333, "se": 0.0012370730755451287}, "0.9834710743801653": {"avg": 0.01574074074074074, "se": 0.0016938324844845481}, "0.9752066115702479": {"avg": 0.028703703703703703, "se": 0.0022722073252999997}, "0.9669421487603306": {"avg": 0.028703703703703703, "se": 0.0022722073252999997}, "0.9586776859504132": {"avg": 0.04259259259259259, "se": 0.0027480115251535364}, "0.9504132231404958": {"avg": 0.07037037037037037, "se": 0.0034805911945760886}, "0.9421487603305785": {"avg": 0.07222222222222222, "se": 0.0035225772561910513}, "0.9338842975206612": {"avg": 0.07222222222222222, "se": 0.0035225772561910513}, "0.9256198347107438": {"avg": 0.09166666666666666, "se": 0.003926733844192597}, "0.9173553719008265": {"avg": 0.09722222222222222, "se": 0.0040315896535843}, "0.9090909090909091": {"avg": 0.10277777777777777, "se": 0.004132403707574768}, "0.9008264462809917": {"avg": 0.10277777777777777, "se": 0.004132403707574768}, "0.8925619834710744": {"avg": 0.10277777777777777, "se": 0.004132403707574768}, "0.884297520661157": {"avg": 0.10925925925925926, "se": 0.004245295294126088}, "0.8760330578512396": {"avg": 0.12222222222222222, "se": 0.004457285974947085}, "0.8677685950413223": {"avg": 0.12222222222222222, "se": 0.004457285974947085}, "0.859504132231405": {"avg": 0.12962962962962962, "se": 0.004570958825416267}, "0.8512396694214877": {"avg": 0.13240740740740742, "se": 0.004612296083438997}, "0.8429752066115702": {"avg": 0.1425925925925926, "se": 0.004758227672115748}, "0.8347107438016529": {"avg": 0.1425925925925926, "se": 0.004758227672115748}, "0.8264462809917356": {"avg": 0.14629629629629629, "se": 0.004809205870886673}, "0.8181818181818181": {"avg": 0.16111111111111112, "se": 0.005002856979834294}, "0.8099173553719008": {"avg": 0.17037037037037037, "se": 0.00511613835980907}, "0.8016528925619835": {"avg": 0.17037037037037037, "se": 0.00511613835980907}, "0.7933884297520661": {"avg": 0.17592592592592593, "se": 0.005181448290903051}, "0.7851239669421488": {"avg": 0.17685185185185184, "se": 0.005192146390328065}, "0.7768595041322314": {"avg": 0.19722222222222222, "se": 0.005414753803848071}, "0.768595041322314": {"avg": 0.19722222222222222, "se": 0.005414753803848071}, "0.7603305785123967": {"avg": 0.21203703703703702, "se": 0.005562395766174313}, "0.7520661157024793": {"avg": 0.23148148148148148, "se": 0.005739689713071345}, "0.743801652892562": {"avg": 0.2351851851851852, "se": 0.005771467395645507}, "0.7355371900826446": {"avg": 0.2351851851851852, "se": 0.005771467395645507}, "0.7272727272727273": {"avg": 0.23796296296296296, "se": 0.005794898638119861}, "0.71900826446281": {"avg": 0.24259259259259258, "se": 0.005833197246218898}, "0.7107438016528926": {"avg": 0.24259259259259258, "se": 0.005833197246218898}, "0.7024793388429752": {"avg": 0.24259259259259258, "se": 0.005833197246218898}, "0.6942148760330579": {"avg": 0.24351851851851852, "se": 0.005840745285667658}, "0.6859504132231404": {"avg": 0.28703703703703703, "se": 0.006156098698551128}, "0.6776859504132231": {"avg": 0.28888888888888886, "se": 0.006167899257677429}, "0.6694214876033058": {"avg": 0.28888888888888886, "se": 0.006167899257677429}, "0.6611570247933884": {"avg": 0.29444444444444445, "se": 0.006202551947626774}, "0.6528925619834711": {"avg": 0.2972222222222222, "se": 0.006219461284868859}, "0.6446280991735538": {"avg": 0.30092592592592593, "se": 0.006241579706137286}, "0.6363636363636364": {"avg": 0.31851851851851853, "se": 0.006340120221422471}, "0.628099173553719": {"avg": 0.33796296296296297, "se": 0.00643693046568376}, "0.6198347107438016": {"avg": 0.3527777777777778, "se": 0.006502501189484713}, "0.6115702479338843": {"avg": 0.35648148148148145, "se": 0.006517816534560817}, "0.6033057851239669": {"avg": 0.35648148148148145, "se": 0.006517816534560817}, "0.5950413223140496": {"avg": 0.3638888888888889, "se": 0.00654717588866034}, "0.5867768595041323": {"avg": 0.37222222222222223, "se": 0.006578202494351984}, "0.578512396694215": {"avg": 0.39444444444444443, "se": 0.006650786986172138}, "0.5702479338842975": {"avg": 0.40370370370370373, "se": 0.006676756577300198}, "0.5619834710743802": {"avg": 0.42314814814814816, "se": 0.006723284482648246}, "0.5537190082644627": {"avg": 0.45740740740740743, "se": 0.006779406057457876}, "0.5454545454545454": {"avg": 0.47314814814814815, "se": 0.006794319223686556}, "0.5371900826446281": {"avg": 0.47314814814814815, "se": 0.006794319223686556}, "0.5289256198347108": {"avg": 0.4842592592592593, "se": 0.0068007656034277}, "0.5206611570247934": {"avg": 0.49074074074074076, "se": 0.006802971383996548}, "0.5123966942148761": {"avg": 0.49166666666666664, "se": 0.006803193089571379}, "0.5041322314049587": {"avg": 0.5009259259259259, "se": 0.006804126507484122}, "0.49586776859504134": {"avg": 0.5111111111111111, "se": 0.006802457932817732}, "0.487603305785124": {"avg": 0.5194444444444445, "se": 0.006798991123147485}, "0.47933884297520657": {"avg": 0.5333333333333333, "se": 0.006789001029564207}, "0.47107438016528924": {"avg": 0.5333333333333333, "se": 0.006789001029564207}, "0.4628099173553719": {"avg": 0.5416666666666666, "se": 0.0067804715351281524}, "0.4545454545454546": {"avg": 0.5444444444444444, "se": 0.006777204320339928}, "0.44628099173553715": {"avg": 0.5472222222222223, "se": 0.006773724585818174}, "0.4380165289256198": {"avg": 0.55, "se": 0.0067700320038633}, "0.4297520661157025": {"avg": 0.5518518518518518, "se": 0.00676745186275665}, "0.42148760330578516": {"avg": 0.562037037037037, "se": 0.006751562316257504}, "0.4132231404958677": {"avg": 0.5735185185185185, "se": 0.006730183909143695}, "0.4049586776859504": {"avg": 0.580925925925926, "se": 0.0067144260739405905}, "0.39669421487603307": {"avg": 0.592037037037037, "se": 0.006687871607030078}, "0.38842975206611574": {"avg": 0.5948148148148148, "se": 0.0066806818083468365}, "0.3801652892561983": {"avg": 0.5985185185185186, "se": 0.006670750159227698}, "0.371900826446281": {"avg": 0.605, "se": 0.006652415322995823}, "0.36363636363636365": {"avg": 0.6162962962962963, "se": 0.006617529631211053}, "0.3553719008264463": {"avg": 0.6351851851851852, "se": 0.006550727492910929}, "0.3471074380165289": {"avg": 0.6451851851851852, "se": 0.006510977368782995}, "0.33884297520661155": {"avg": 0.647962962962963, "se": 0.006499386888338018}, "0.3305785123966942": {"avg": 0.6516666666666666, "se": 0.006483557868465805}, "0.3223140495867769": {"avg": 0.6627175120325806, "se": 0.006432559763907345}, "0.31404958677685946": {"avg": 0.6738245094409478, "se": 0.006378547207584229}, "0.30578512396694213": {"avg": 0.6895594224361348, "se": 0.00629502994082497}, "0.2975206611570248": {"avg": 0.7010366530914476, "se": 0.006228766435320367}, "0.2892561983471075": {"avg": 0.7115883006293965, "se": 0.006163729149040026}, "0.28099173553719003": {"avg": 0.7334320621991854, "se": 0.0060159831595552596}, "0.2727272727272727": {"avg": 0.7508330248056275, "se": 0.005884907397186915}, "0.2644628099173554": {"avg": 0.759163272861903, "se": 0.0058177045655781225}, "0.25619834710743805": {"avg": 0.7658274713069234, "se": 0.005761773123426166}, "0.2479338842975206": {"avg": 0.7674935209181785, "se": 0.005747481721887214}, "0.23966942148760328": {"avg": 0.7710107367641614, "se": 0.005716898516536703}, "0.23140495867768596": {"avg": 0.7804516845612736, "se": 0.005631975745770948}, "0.22314049586776863": {"avg": 0.7876712328767124, "se": 0.005564160147915058}, "0.2148760330578512": {"avg": 0.8052933555432167, "se": 0.005387037022429141}, "0.20661157024793386": {"avg": 0.8047381084582639, "se": 0.005392852551660692}, "0.19834710743801653": {"avg": 0.8056635202665186, "se": 0.005383150623771893}, "0.1900826446280992": {"avg": 0.8106607440310938, "se": 0.0053299412354714535}, "0.18181818181818177": {"avg": 0.8114010734776975, "se": 0.0053219392581564185}, "0.17355371900826444": {"avg": 0.8190564292321925, "se": 0.0052363737967630825}, "0.1652892561983471": {"avg": 0.8539201183431953,